resid,segid,frames_present,count
84,C,"[1, 2, 3, 4, 5, 6, 7, 8, 9, 10, 11, 12, 13, 14, 15, 16, 17, 18, 19, 20]",20
84,D,"[1, 2, 3, 4, 5, 6, 7, 8, 9, 10, 11, 12, 13, 14, 15, 16, 17, 18, 19, 20]",20
85,D,"[1, 2, 3, 4, 5, 6, 7, 8, 9, 10, 11, 12, 13, 14, 15, 16, 17, 18, 19, 20]",20
88,F,"[1, 2, 3, 4, 5, 6, 7, 8, 9, 10, 11, 12, 13, 14, 15, 16, 17, 18, 19, 20]",20
88,D,"[1, 2, 3, 4, 5, 6, 7, 8, 9, 10, 11, 12, 13, 14, 15, 16, 17, 18, 19, 20]",20
81,E,"[1, 2, 3, 4, 5, 6, 7, 8, 9, 10, 11, 12, 13, 14, 15, 16, 17, 18, 19, 20]",20
84,E,"[1, 2, 3, 4, 5, 6, 7, 8, 9, 10, 11, 12, 13, 14, 15, 16, 17, 18, 19, 20]",20
85,E,"[1, 2, 3, 4, 5, 6, 7, 8, 9, 10, 11, 12, 13, 14, 15, 16, 17, 18, 19, 20]",20
88,A,"[1, 2, 3, 4, 5, 6, 7, 8, 9, 10, 11, 12, 13, 14, 15, 16, 17, 18, 19, 20]",20
88,E,"[1, 2, 3, 4, 5, 6, 7, 8, 9, 10, 11, 12, 13, 14, 15, 16, 17, 18, 19, 20]",20
84,B,"[1, 2, 3, 4, 5, 6, 7, 8, 9, 10, 11, 12, 13, 14, 15, 16, 17, 18, 19, 20]",20
84,A,"[1, 2, 3, 4, 5, 6, 7, 8, 9, 10, 11, 12, 13, 14, 15, 16, 17, 18, 19, 20]",20
85,A,"[1, 2, 3, 4, 5, 6, 7, 8, 9, 10, 11, 12, 13, 14, 15, 16, 17, 18, 19, 20]",20
88,B,"[1, 2, 3, 4, 5, 6, 7, 8, 9, 10, 11, 12, 13, 14, 15, 16, 17, 18, 19, 20]",20
88,C,"[1, 2, 3, 4, 5, 6, 7, 8, 9, 10, 11, 12, 13, 15, 16, 17, 18, 19, 20]",19
87,C,"[1, 2, 3, 4, 5, 6, 7, 8, 9, 10, 11, 12, 13, 14, 15, 16, 17, 18, 20]",19
85,C,"[1, 2, 3, 4, 5, 6, 8, 9, 10, 11, 12, 13, 14, 15, 16, 17, 18, 19, 20]",19
83,C,"[1, 2, 3, 4, 5, 6, 7, 9, 10, 11, 12, 13, 14, 15, 16, 17, 18, 19, 20]",19
87,F,"[1, 2, 3, 4, 5, 6, 8, 9, 10, 11, 12, 13, 14, 15, 16, 17, 18, 19, 20]",19
80,E,"[1, 3, 4, 5, 6, 7, 8, 9, 10, 11, 12, 13, 14, 15, 16, 17, 18, 19, 20]",19
87,D,"[1, 2, 3, 4, 5, 6, 7, 8, 9, 10, 12, 13, 14, 15, 16, 17, 18, 19, 20]",19
85,F,"[1, 3, 4, 5, 6, 7, 8, 9, 10, 11, 12, 13, 14, 15, 16, 17, 18, 19, 20]",19
84,F,"[1, 2, 3, 4, 5, 6, 7, 8, 9, 10, 11, 12, 13, 14, 15, 16, 17, 19, 20]",19
87,A,"[1, 2, 3, 4, 5, 6, 7, 8, 9, 10, 11, 12, 13, 14, 15, 16, 18, 19, 20]",19
86,A,"[1, 3, 4, 5, 6, 7, 8, 9, 10, 11, 12, 13, 14, 15, 16, 17, 18, 19, 20]",19
102,B,"[1, 3, 4, 5, 6, 7, 8, 9, 10, 11, 12, 13, 14, 15, 16, 17, 18, 19, 20]",19
80,A,"[1, 2, 3, 4, 5, 6, 8, 9, 10, 11, 12, 13, 14, 15, 16, 17, 18, 19, 20]",19
85,B,"[1, 2, 3, 4, 5, 6, 7, 8, 10, 11, 12, 13, 14, 15, 16, 17, 18, 19, 20]",19
86,D,"[1, 2, 3, 4, 5, 7, 8, 9, 11, 12, 13, 14, 15, 16, 17, 18, 19, 20]",18
86,E,"[1, 2, 3, 4, 5, 6, 7, 8, 10, 11, 12, 14, 15, 16, 17, 18, 19, 20]",18
81,B,"[1, 3, 4, 5, 6, 7, 8, 9, 10, 11, 12, 13, 14, 16, 17, 18, 19, 20]",18
87,E,"[1, 2, 3, 4, 5, 6, 7, 8, 9, 11, 12, 13, 14, 15, 17, 18, 19, 20]",18
87,B,"[1, 2, 4, 5, 6, 7, 8, 9, 10, 12, 13, 14, 15, 16, 17, 18, 19, 20]",18
81,C,"[2, 3, 4, 5, 6, 7, 8, 9, 10, 12, 13, 14, 15, 16, 17, 18, 19, 20]",18
81,D,"[1, 2, 3, 4, 5, 6, 8, 10, 11, 12, 14, 15, 16, 17, 18, 19, 20]",17
80,D,"[1, 2, 4, 6, 7, 8, 9, 10, 11, 12, 13, 14, 15, 17, 18, 19, 20]",17
82,E,"[1, 3, 5, 6, 7, 8, 10, 11, 12, 13, 14, 15, 16, 17, 18, 19, 20]",17
80,B,"[1, 2, 3, 4, 6, 7, 8, 9, 10, 11, 12, 13, 14, 15, 16, 18, 19]",17
138,E,"[1, 3, 4, 5, 6, 8, 9, 10, 11, 12, 13, 14, 15, 16, 17, 18, 20]",17
81,A,"[1, 2, 4, 5, 6, 7, 8, 9, 10, 11, 12, 13, 14, 15, 16, 17, 18]",17
86,C,"[1, 2, 3, 4, 5, 7, 8, 10, 11, 13, 14, 15, 16, 18, 19, 20]",16
105,C,"[1, 3, 4, 5, 6, 7, 9, 11, 13, 14, 15, 16, 17, 18, 19, 20]",16
147,F,"[1, 2, 6, 7, 8, 9, 10, 11, 13, 14, 15, 16, 17, 18, 19, 20]",16
80,C,"[1, 4, 5, 7, 8, 9, 10, 11, 12, 13, 14, 15, 16, 17, 18, 20]",16
82,D,"[1, 2, 3, 5, 6, 7, 8, 9, 10, 11, 14, 15, 16, 18, 19]",15
78,D,"[1, 4, 7, 8, 9, 10, 11, 13, 14, 15, 16, 17, 18, 19, 20]",15
142,F,"[1, 2, 4, 5, 6, 7, 9, 10, 11, 12, 14, 15, 17, 18, 19]",15
86,F,"[1, 2, 3, 5, 6, 7, 8, 9, 12, 14, 15, 16, 17, 18, 19]",15
141,E,"[1, 3, 4, 5, 6, 9, 10, 11, 12, 13, 14, 15, 16, 17, 18]",15
83,B,"[1, 2, 4, 5, 9, 11, 12, 13, 14, 15, 16, 17, 18, 19, 20]",15
83,A,"[1, 3, 5, 6, 7, 8, 9, 11, 12, 14, 15, 16, 18, 19, 20]",15
105,A,"[1, 2, 3, 4, 5, 6, 8, 10, 11, 12, 13, 15, 17, 19, 20]",15
105,B,"[3, 4, 5, 6, 7, 8, 9, 10, 12, 13, 14, 15, 18, 19, 20]",15
146,A,"[5, 6, 7, 8, 9, 11, 12, 13, 14, 15, 16, 17, 18, 19, 20]",15
101,F,"[1, 3, 4, 8, 10, 11, 12, 13, 14, 15, 16, 17, 18, 19]",14
81,F,"[2, 3, 4, 5, 6, 8, 9, 10, 11, 13, 14, 15, 17, 18]",14
78,A,"[2, 5, 6, 7, 8, 9, 11, 12, 13, 14, 15, 16, 17, 18]",14
101,C,"[3, 4, 5, 6, 7, 11, 13, 14, 15, 16, 17, 18, 19, 20]",14
89,D,"[3, 5, 6, 7, 9, 10, 11, 12, 13, 14, 15, 16, 17, 18]",14
143,D,"[3, 4, 5, 6, 7, 9, 10, 11, 12, 13, 17, 18, 19, 20]",14
135,C,"[4, 6, 9, 10, 11, 12, 13, 14, 15, 16, 17, 18, 19, 20]",14
83,D,"[1, 2, 4, 5, 6, 8, 11, 12, 14, 15, 17, 19, 20]",13
83,F,"[1, 2, 3, 5, 7, 8, 10, 11, 12, 13, 14, 15, 18]",13
83,E,"[1, 2, 3, 4, 7, 9, 10, 12, 13, 14, 17, 19, 20]",13
78,F,"[1, 4, 5, 9, 11, 12, 13, 14, 15, 16, 18, 19, 20]",13
80,F,"[1, 2, 3, 6, 7, 8, 9, 10, 11, 13, 14, 15, 19]",13
89,A,"[3, 4, 5, 6, 9, 10, 11, 13, 16, 17, 18, 19, 20]",13
101,B,"[3, 4, 5, 6, 7, 8, 9, 10, 13, 14, 15, 19, 20]",13
143,F,"[1, 3, 5, 8, 11, 14, 15, 16, 17, 18, 19, 20]",12
135,D,"[1, 3, 4, 11, 12, 14, 15, 16, 17, 18, 19, 20]",12
77,E,"[1, 5, 10, 11, 13, 14, 15, 16, 17, 18, 19, 20]",12
82,F,"[1, 3, 4, 6, 7, 8, 11, 13, 15, 16, 17, 19]",12
101,A,"[1, 2, 3, 4, 8, 10, 11, 12, 16, 17, 18, 20]",12
89,F,"[3, 4, 6, 7, 8, 9, 10, 16, 17, 18, 19, 20]",12
140,A,"[3, 8, 9, 11, 12, 13, 14, 15, 16, 17, 18, 19]",12
105,F,"[3, 4, 8, 10, 11, 12, 13, 14, 15, 16, 18, 19]",12
82,C,"[1, 4, 5, 7, 9, 14, 15, 16, 17, 18, 20]",11
82,B,"[1, 4, 5, 6, 12, 13, 14, 16, 18, 19, 20]",11
82,A,"[1, 2, 3, 4, 5, 6, 8, 10, 13, 14, 20]",11
142,C,"[2, 9, 10, 11, 12, 13, 16, 17, 18, 19, 20]",11
148,C,"[2, 6, 10, 11, 12, 13, 16, 17, 18, 19, 20]",11
145,E,"[3, 4, 5, 6, 9, 10, 11, 15, 16, 17, 18]",11
103,C,"[5, 9, 10, 11, 12, 13, 15, 16, 17, 19, 20]",11
79,C,"[5, 9, 10, 11, 13, 14, 15, 17, 18, 19, 20]",11
140,C,"[9, 10, 11, 12, 13, 14, 16, 17, 18, 19, 20]",11
144,C,"[9, 10, 11, 12, 13, 14, 15, 16, 17, 18, 19]",11
90,A,"[1, 3, 7, 8, 10, 12, 13, 15, 19, 20]",10
144,E,"[1, 3, 4, 5, 6, 10, 17, 18, 19, 20]",10
142,B,"[1, 2, 4, 9, 11, 13, 14, 15, 17, 18]",10
86,B,"[1, 2, 3, 5, 7, 9, 11, 15, 16, 20]",10
89,B,"[1, 3, 5, 6, 7, 10, 11, 18, 19, 20]",10
108,D,"[2, 9, 11, 13, 14, 15, 16, 18, 19, 20]",10
91,A,"[2, 3, 7, 8, 9, 11, 12, 14, 15, 19]",10
89,E,"[2, 3, 4, 7, 8, 11, 16, 17, 19, 20]",10
109,D,"[9, 10, 11, 12, 13, 14, 15, 16, 18, 20]",10
147,C,"[1, 2, 3, 4, 5, 7, 9, 11, 14]",9
79,E,"[2, 5, 9, 10, 11, 17, 18, 19, 20]",9
148,E,"[2, 3, 7, 9, 10, 11, 13, 14, 18]",9
147,D,"[3, 6, 7, 8, 11, 13, 17, 19, 20]",9
102,D,"[4, 12, 13, 14, 15, 16, 17, 18, 19]",9
93,C,"[6, 7, 9, 10, 11, 12, 16, 17, 19]",9
105,D,"[1, 2, 6, 8, 10, 12, 13, 20]",8
91,F,"[1, 2, 6, 7, 9, 11, 12, 15]",8
79,D,"[1, 3, 4, 6, 9, 11, 13, 16]",8
141,B,"[1, 2, 4, 5, 8, 10, 12, 20]",8
109,A,"[1, 3, 5, 6, 10, 11, 19, 20]",8
141,D,"[4, 9, 10, 11, 12, 13, 18, 20]",8
108,C,"[1, 7, 10, 11, 16, 17, 19]",7
102,F,"[1, 3, 5, 6, 7, 17, 20]",7
142,A,"[1, 3, 5, 16, 17, 18, 19]",7
145,B,"[1, 3, 6, 10, 16, 17, 19]",7
90,C,"[2, 3, 4, 5, 8, 13, 17]",7
102,C,"[2, 6, 7, 14, 16, 17, 18]",7
79,F,"[2, 5, 11, 14, 15, 16, 20]",7
146,B,"[2, 7, 15, 16, 17, 18, 20]",7
143,E,"[2, 3, 10, 15, 16, 17, 18]",7
143,A,"[3, 7, 13, 14, 17, 19, 20]",7
148,A,"[3, 6, 7, 9, 10, 15, 20]",7
135,A,"[3, 4, 5, 6, 7, 19, 20]",7
104,E,"[5, 8, 10, 17, 18, 19, 20]",7
91,D,"[5, 6, 7, 9, 11, 12, 18]",7
77,C,"[10, 11, 13, 14, 15, 16, 19]",7
89,C,"[1, 3, 4, 5, 7, 14]",6
145,C,"[1, 3, 4, 5, 7, 8]",6
140,F,"[1, 8, 11, 12, 15, 18]",6
109,F,"[1, 3, 5, 6, 19, 20]",6
78,C,"[2, 5, 6, 8, 9, 17]",6
148,D,"[2, 3, 9, 17, 19, 20]",6
147,A,"[2, 3, 4, 5, 7, 18]",6
79,B,"[2, 7, 8, 14, 15, 18]",6
90,B,"[2, 4, 5, 8, 16, 17]",6
109,C,"[3, 9, 10, 11, 12, 13]",6
138,A,"[3, 10, 11, 16, 18, 19]",6
90,D,"[4, 8, 9, 12, 19, 20]",6
98,D,"[5, 9, 13, 17, 19, 20]",6
148,F,"[10, 12, 14, 15, 17, 18]",6
146,F,"[1, 5, 6, 8, 20]",5
149,D,"[1, 2, 3, 9, 19]",5
93,A,"[1, 2, 9, 14, 17]",5
90,E,"[1, 2, 6, 15, 18]",5
101,E,"[2, 6, 7, 9, 16]",5
143,B,"[2, 7, 11, 16, 17]",5
146,D,"[3, 5, 6, 7, 14]",5
148,B,"[3, 7, 15, 17, 18]",5
104,D,"[4, 9, 13, 15, 16]",5
145,A,"[4, 5, 6, 14, 18]",5
139,C,"[5, 11, 13, 18, 20]",5
109,B,"[8, 12, 16, 17, 18]",5
106,C,"[9, 10, 12, 13, 17]",5
139,D,"[10, 12, 13, 14, 18]",5
143,C,"[1, 2, 5, 6]",4
145,F,"[1, 3, 5, 12]",4
90,F,"[1, 13, 14, 15]",4
91,E,"[1, 9, 13, 14]",4
138,C,"[3, 5, 8, 18]",4
135,F,"[3, 16, 19, 20]",4
149,A,"[3, 5, 7, 8]",4
138,B,"[3, 6, 7, 16]",4
147,E,"[5, 6, 9, 12]",4
147,B,"[6, 8, 9, 14]",4
98,A,"[7, 10, 13, 17]",4
92,F,"[10, 16, 17, 20]",4
91,B,"[1, 2, 6]",3
78,B,"[2, 7, 11]",3
102,A,"[2, 7, 13]",3
106,A,"[2, 5, 7]",3
106,F,"[3, 5, 20]",3
79,A,"[3, 4, 9]",3
144,B,"[4, 12, 14]",3
98,F,"[5, 14, 20]",3
103,E,"[5, 19, 20]",3
146,E,"[5, 6, 9]",3
141,A,"[6, 12, 20]",3
91,C,"[8, 11, 20]",3
104,B,"[11, 16, 17]",3
146,C,"[12, 14, 15]",3
141,F,"[12, 13, 14]",3
149,C,"[1, 3]",2
138,F,"[1, 10]",2
142,D,"[1, 2]",2
144,F,"[2, 13]",2
104,F,"[2, 16]",2
140,E,"[2, 17]",2
93,E,"[2, 9]",2
92,E,"[2, 16]",2
77,F,"[3, 7]",2
108,F,"[3, 19]",2
135,B,"[3, 6]",2
139,B,"[3, 6]",2
150,C,"[4, 12]",2
108,B,"[4, 17]",2
149,E,"[5, 6]",2
136,E,"[5, 6]",2
139,A,"[5, 20]",2
103,A,"[6, 19]",2
92,B,"[6, 20]",2
104,A,"[6, 19]",2
139,E,"[8, 20]",2
92,C,"[9, 14]",2
92,D,"[11, 14]",2
92,A,"[13, 18]",2
144,A,"[16, 18]",2
149,B,"[16, 19]",2
98,C,[2],1
77,D,[2],1
103,F,[2],1
142,E,[2],1
106,D,[3],1
105,E,[5],1
150,A,[5],1
97,E,[5],1
94,E,[5],1
140,D,[6],1
78,E,[6],1
150,E,[6],1
101,D,[7],1
93,F,[8],1
100,C,[9],1
141,C,[9],1
106,E,[11],1
97,D,[13],1
94,D,[13],1
138,D,[13],1
140,B,[15],1
149,F,[16],1
102,E,[16],1
98,B,[18],1
77,A,[20],1
